t,S,N,dN/dS,dN,dS,gene1,gene2,l,node,family,alignmentcoverage,alignmentidentity,alignmentlength,strippedalignmentlength,weightoutlierincluded,weightoutlierexcluded,node_averaged_dS_outlierincluded,node_averaged_dS_outlierexcluded
50.0,271.6,805.4,0.0118,0.7561,63.8449,egu1000.fasta_00498,egu1000.fasta_00393,-2792.458782,0,GF00000015,0.7053045186640472,0.34726090993500464,1527,1077,0.5,,63.8951,
50.0,269.2,807.8,0.0142,0.9072,63.9453,egu1000.fasta_00497,egu1000.fasta_00393,-2817.323565,0,GF00000015,0.7053045186640472,0.34726090993500464,1527,1077,0.5,,63.8951,
1.4709,299.0,778.0,0.2615,0.2748,1.051,egu1000.fasta_00497,egu1000.fasta_00498,-2409.323207,1,GF00000015,0.7053045186640472,0.34726090993500464,1527,1077,1.0,1.0,1.051,1.051
