t,S,N,dN/dS,dN,dS,gene1,gene2,l,node,family,alignmentcoverage,alignmentidentity,alignmentlength,strippedalignmentlength,weightoutlierincluded,weightoutlierexcluded,node_averaged_dS_outlierincluded,node_averaged_dS_outlierexcluded
50.0,82.5,316.5,0.0091,0.7056,77.8611,egu1000.fasta_00329,egu1000.fasta_00205,-997.806209,1,GF00000019,0.5155038759689923,0.2631578947368421,774,399,1.0,,77.8611,
31.2844,89.0,310.0,0.0208,0.9052,43.6036,egu1000.fasta_00046,egu1000.fasta_00205,-1042.147581,0,GF00000019,0.5155038759689923,0.2631578947368421,774,399,0.5,,59.85195,
50.0,84.4,314.6,0.0096,0.7291,76.1003,egu1000.fasta_00046,egu1000.fasta_00329,-1018.179448,0,GF00000019,0.5155038759689923,0.2631578947368421,774,399,0.5,,59.85195,
