t,S,N,dN/dS,dN,dS,gene1,gene2,l,node,family,alignmentcoverage,alignmentidentity,alignmentlength,strippedalignmentlength,weightoutlierincluded,weightoutlierexcluded,node_averaged_dS_outlierincluded,node_averaged_dS_outlierexcluded
0.3546,582.0,1596.0,0.7588,0.1089,0.1436,egu1000.fasta_00417,egu1000.fasta_00420,-3887.140508,0,GF00000009,0.7925764192139738,0.8512396694214877,2748,2178,0.3333333333333333,0.3333333333333333,0.1465,0.1465
0.365,572.0,1606.0,0.7335,0.1111,0.1514,egu1000.fasta_00419,egu1000.fasta_00420,-3908.841849,0,GF00000009,0.7925764192139738,0.8512396694214877,2748,2178,0.3333333333333333,0.3333333333333333,0.1465,0.1465
0.361,577.5,1600.5,0.7728,0.1116,0.1445,egu1000.fasta_00423,egu1000.fasta_00420,-3909.126834,0,GF00000009,0.7925764192139738,0.8512396694214877,2748,2178,0.3333333333333333,0.3333333333333333,0.1465,0.1465
0.1778,586.6,1591.4,1.1337,0.0612,0.054,egu1000.fasta_00419,egu1000.fasta_00417,-3512.984938,2,GF00000009,0.7925764192139738,0.8512396694214877,2748,2178,1.0,1.0,0.054,0.054
0.1717,600.2,1577.8,1.3143,0.0613,0.0466,egu1000.fasta_00423,egu1000.fasta_00417,-3497.850709,1,GF00000009,0.7925764192139738,0.8512396694214877,2748,2178,0.5,0.5,0.04825,0.04825
0.1946,598.4,1579.6,1.4136,0.0705,0.0499,egu1000.fasta_00423,egu1000.fasta_00419,-3553.413862,1,GF00000009,0.7925764192139738,0.8512396694214877,2748,2178,0.5,0.5,0.04825,0.04825
