t,S,N,dN/dS,dN,dS,gene1,gene2,l,node,family,alignmentcoverage,alignmentidentity,alignmentlength,strippedalignmentlength,weightoutlierincluded,weightoutlierexcluded,node_averaged_dS_outlierincluded,node_averaged_dS_outlierexcluded
50.0,179.8,576.2,0.0122,0.8219,67.4622,egu1000.fasta_00184,egu1000.fasta_00108,-1956.794767,0,GF00000014,0.4057971014492754,0.27380952380952384,1863,756,0.5,,62.42895,
42.2238,178.8,577.2,0.0115,0.6594,57.3957,egu1000.fasta_00333,egu1000.fasta_00108,-1910.782395,0,GF00000014,0.4057971014492754,0.27380952380952384,1863,756,0.5,,62.42895,
50.0,184.7,571.3,0.0105,0.6923,66.0666,egu1000.fasta_00333,egu1000.fasta_00184,-1936.063754,1,GF00000014,0.4057971014492754,0.27380952380952384,1863,756,1.0,,66.0666,
