t,S,N,dN/dS,dN,dS,gene1,gene2,l,node,family,alignmentcoverage,alignmentidentity,alignmentlength,strippedalignmentlength,weightoutlierincluded,weightoutlierexcluded,node_averaged_dS_outlierincluded,node_averaged_dS_outlierexcluded
0.0524,66.5,179.5,0.3226,0.0111,0.0345,egu1000.fasta_00424,egu1000.fasta_00418,-347.687719,0,GF00000017,0.30036630036630035,0.9634146341463414,819,246,0.5,0.5,0.1067,0.1067
0.1319,49.4,196.6,0.0559,0.01,0.1789,egu1000.fasta_00422,egu1000.fasta_00424,-366.310167,0,GF00000017,0.30036630036630035,0.9634146341463414,819,246,0.5,0.5,0.1067,0.1067
0.093,42.9,203.1,0.001,0.0002,0.1767,egu1000.fasta_00422,egu1000.fasta_00418,-350.211067,1,GF00000017,0.30036630036630035,0.9634146341463414,819,246,1.0,1.0,0.1767,0.1767
