t,S,N,dN/dS,dN,dS,gene1,gene2,l,node,family,alignmentcoverage,alignmentidentity,alignmentlength,strippedalignmentlength,weightoutlierincluded,weightoutlierexcluded,node_averaged_dS_outlierincluded,node_averaged_dS_outlierexcluded
0.2909,57.4,194.6,0.513,0.0797,0.1554,egu1000.fasta_00304,egu1000.fasta_00305,-425.520808,0,GF00000016,0.11864406779661017,0.8928571428571429,2124,252,0.5,0.5,0.15645,0.15645
0.2504,57.4,194.6,0.3909,0.0616,0.1575,egu1000.fasta_00321,egu1000.fasta_00305,-414.330176,0,GF00000016,0.11864406779661017,0.8928571428571429,2124,252,0.5,0.5,0.15645,0.15645
0.1667,57.4,194.6,0.317,0.0373,0.1176,egu1000.fasta_00321,egu1000.fasta_00304,-381.503527,1,GF00000016,0.11864406779661017,0.8928571428571429,2124,252,1.0,1.0,0.1176,0.1176
