t,S,N,dN/dS,dN,dS,gene1,gene2,l,node,family,alignmentcoverage,alignmentidentity,alignmentlength,strippedalignmentlength,weightoutlierincluded,weightoutlierexcluded,node_averaged_dS_outlierincluded,node_averaged_dS_outlierexcluded
2.2589,103.8,319.2,0.5948,0.6451,1.0845,egu1000.fasta_00123,egu1000.fasta_00475,-1044.679669,0,GF00000018,0.49823321554770317,0.5650118203309693,849,423,0.5,0.5,1.0806,1.0806
2.2734,103.9,319.1,0.6074,0.654,1.0767,egu1000.fasta_00238,egu1000.fasta_00475,-1046.106266,0,GF00000018,0.49823321554770317,0.5650118203309693,849,423,0.5,0.5,1.0806,1.0806
0.007,80.1,342.9,99.0,0.0029,0.0,egu1000.fasta_00238,egu1000.fasta_00123,-569.455313,1,GF00000018,0.49823321554770317,0.5650118203309693,849,423,1.0,1.0,0.0,0.0
