t,S,N,dN/dS,dN,dS,gene1,gene2,l,node,family,alignmentcoverage,alignmentidentity,alignmentlength,strippedalignmentlength,weightoutlierincluded,weightoutlierexcluded,node_averaged_dS_outlierincluded,node_averaged_dS_outlierexcluded
0.9802,301.0,749.0,0.3349,0.2082,0.6217,egu1000.fasta_00095,egu1000.fasta_00094,-2196.076326,1,GF00000012,0.6862745098039216,0.3628571428571429,1530,1050,1.0,1.0,0.6217,0.6217
3.6689,267.9,782.1,0.1424,0.4821,3.3857,egu1000.fasta_00097,egu1000.fasta_00094,-2563.439005,0,GF00000012,0.6862745098039216,0.3628571428571429,1530,1050,0.25,0.3333333333333333,5.810675,3.507733333333333
11.4551,286.6,763.4,0.0375,0.4774,12.7195,egu1000.fasta_00097,egu1000.fasta_00095,-2559.410336,0,GF00000012,0.6862745098039216,0.3628571428571429,1530,1050,0.25,,5.810675,3.507733333333333
4.007,283.1,766.9,0.1454,0.5167,3.5541,egu1000.fasta_00096,egu1000.fasta_00094,-2588.75743,0,GF00000012,0.6862745098039216,0.3628571428571429,1530,1050,0.25,0.3333333333333333,5.810675,3.507733333333333
3.8855,281.9,768.1,0.1271,0.4555,3.5834,egu1000.fasta_00096,egu1000.fasta_00095,-2555.925205,0,GF00000012,0.6862745098039216,0.3628571428571429,1530,1050,0.25,0.3333333333333333,5.810675,3.507733333333333
50.0,276.4,773.6,0.0083,0.513,61.8677,egu1000.fasta_00096,egu1000.fasta_00097,-2588.808619,2,GF00000012,0.6862745098039216,0.3628571428571429,1530,1050,1.0,,61.8677,
