t,S,N,dN/dS,dN,dS,gene1,gene2,l,node,family,alignmentcoverage,alignmentidentity,alignmentlength,strippedalignmentlength,weightoutlierincluded,weightoutlierexcluded,node_averaged_dS_outlierincluded,node_averaged_dS_outlierexcluded
1.5509,281.4,936.6,0.141,0.2147,1.523,egu1000.fasta_00208,egu1000.fasta_00207,-2646.55763,1,GF00000011,0.6393700787401575,0.32019704433497537,1905,1218,1.0,1.0,1.523,1.523
22.8733,286.0,932.0,0.0196,0.5985,30.5229,egu1000.fasta_00025,egu1000.fasta_00207,-3063.126089,0,GF00000011,0.6393700787401575,0.32019704433497537,1905,1218,0.25,,28.153074999999998,4.0715
8.4804,286.5,931.5,0.0551,0.5619,10.1909,egu1000.fasta_00025,egu1000.fasta_00208,-3051.87973,0,GF00000011,0.6393700787401575,0.32019704433497537,1905,1218,0.25,,28.153074999999998,4.0715
50.0,290.5,927.5,0.0094,0.6405,67.827,egu1000.fasta_00024,egu1000.fasta_00207,-3081.960587,0,GF00000011,0.6393700787401575,0.32019704433497537,1905,1218,0.25,,28.153074999999998,4.0715
4.4402,296.3,921.7,0.1589,0.6471,4.0715,egu1000.fasta_00024,egu1000.fasta_00208,-3090.301021,0,GF00000011,0.6393700787401575,0.32019704433497537,1905,1218,0.25,1.0,28.153074999999998,4.0715
44.8094,299.1,918.9,0.0069,0.4129,59.5555,egu1000.fasta_00024,egu1000.fasta_00025,-2951.265359,2,GF00000011,0.6393700787401575,0.32019704433497537,1905,1218,1.0,,59.5555,
