t,S,N,dN/dS,dN,dS,gene1,gene2,l,node,family,alignmentcoverage,alignmentidentity,alignmentlength,strippedalignmentlength,weightoutlierincluded,weightoutlierexcluded,node_averaged_dS_outlierincluded,node_averaged_dS_outlierexcluded
0.6823,527.8,1542.2,0.3194,0.1474,0.4614,egu1000.fasta_00366,egu1000.fasta_00365,-4093.286981,1,GF00000010,0.8394160583941606,0.5705314009661836,2466,2070,0.5,0.5,0.403,0.403
0.5805,534.5,1535.5,0.409,0.1409,0.3446,egu1000.fasta_00369,egu1000.fasta_00366,-4009.005601,1,GF00000010,0.8394160583941606,0.5705314009661836,2466,2070,0.5,0.5,0.403,0.403
1.6579,526.1,1543.9,0.2809,0.3348,1.1919,egu1000.fasta_00364,egu1000.fasta_00365,-4713.649247,0,GF00000010,0.8394160583941606,0.5705314009661836,2466,2070,0.3333333333333333,0.3333333333333333,1.3222666666666667,1.3222666666666667
1.9083,537.5,1532.5,0.2488,0.3565,1.4332,egu1000.fasta_00364,egu1000.fasta_00366,-4789.29712,0,GF00000010,0.8394160583941606,0.5705314009661836,2466,2070,0.3333333333333333,0.3333333333333333,1.3222666666666667,1.3222666666666667
1.805,526.4,1543.6,0.2603,0.3493,1.3417,egu1000.fasta_00369,egu1000.fasta_00364,-4769.706327,0,GF00000010,0.8394160583941606,0.5705314009661836,2466,2070,0.3333333333333333,0.3333333333333333,1.3222666666666667,1.3222666666666667
0.3017,542.1,1527.9,0.467,0.0774,0.1658,egu1000.fasta_00369,egu1000.fasta_00365,-3577.675009,2,GF00000010,0.8394160583941606,0.5705314009661836,2466,2070,1.0,1.0,0.1658,0.1658
