t,S,N,dN/dS,dN,dS,gene1,gene2,l,node,family,alignmentcoverage,alignmentidentity,alignmentlength,strippedalignmentlength,weightoutlierincluded,weightoutlierexcluded,node_averaged_dS_outlierincluded,node_averaged_dS_outlierexcluded
50.0,176.4,573.6,0.0118,0.8083,68.2216,egu1000.fasta_00152,egu1000.fasta_00105,-1936.763575,0,GF00000013,0.423728813559322,0.20666666666666667,1770,750,0.3333333333333333,,48.84896666666666,
9.0712,170.8,579.2,0.1121,1.0785,9.6202,egu1000.fasta_00398,egu1000.fasta_00152,-1959.876972,0,GF00000013,0.423728813559322,0.20666666666666667,1770,750,0.3333333333333333,,48.84896666666666,
50.0,174.2,575.8,0.0134,0.9179,68.7051,egu1000.fasta_00360,egu1000.fasta_00152,-1955.852554,0,GF00000013,0.423728813559322,0.20666666666666667,1770,750,0.3333333333333333,,48.84896666666666,
50.0,180.7,569.3,0.0102,0.6863,67.0219,egu1000.fasta_00398,egu1000.fasta_00105,-1908.921594,1,GF00000013,0.423728813559322,0.20666666666666667,1770,750,0.5,,66.72489999999999,
50.0,181.8,568.2,0.0112,0.7466,66.4279,egu1000.fasta_00360,egu1000.fasta_00105,-1926.390784,1,GF00000013,0.423728813559322,0.20666666666666667,1770,750,0.5,,66.72489999999999,
50.0,173.7,576.3,0.0102,0.7068,69.6054,egu1000.fasta_00360,egu1000.fasta_00398,-1912.959086,2,GF00000013,0.423728813559322,0.20666666666666667,1770,750,1.0,,69.6054,
